"Tilda UID";Brand;SKU;Mark;Category;Title;Description;Text;Photo;Price;Quantity;"Price Old";Editions;Modifications;"External ID";"Parent UID";Weight;Length;Width;Height;Unit;Portion
384309379372;"Череп и кости";GLAZA;"24 LEFT";Фарфор;Глаза;"Фарфоровая тарелка с черно-золотым принтом";"Фарфоровая тарелка с черно-золотым принтом черепов, надглазурное деколирование";https://static.tildacdn.com/stor6236-3139-4232-b033-656265663733/41955683.jpg;10000.00;24;10000;;;JPyMHzjo4ee47hct7aaA;;480;240;240;30;PCE;1
328805053272;"Череп и кости";Cube-3-34;"30 LEFT";Фарфор;Кубы;"Фарфоровое блюдо, надглазурное деколирование";"Фарфоровое блюдо, надглазурное деколирование, лимитированная серия 33";https://static.tildacdn.com/stor3430-3530-4262-b031-653763633465/18606653.jpg;20000.00;3;;;;rrfs9C4INhI4Vdyu2Kxx;;480;240;240;30;;0
127249318642;"Череп и кости";AlanPo-Raven-02-33;"33 LEFT";Фарфор;"Алан По и ворон";"Фарфоровое блюдо, надглазурное деколирование";"Фарфоровое блюдо, надглазурное деколирование, лимитированная серия";https://static.tildacdn.com/stor6139-3164-4934-a437-626537323130/31593506.jpg;25000.00;33;25000;;;AAgaOBAkFNE08hoNjrU7;;0;0;0;0;;0
558459669622;"Череп и кости";KAHELET;"30 LEFT";Фарфор;Кахелет;"Фарфоровое блюдо, надглазурное деколирование";"Фарфоровое блюдо, надглазурное деколирование, лимитированная серия 33";https://static.tildacdn.com/stor3561-3264-4432-a232-313934353365/71076689.jpg;0;;;;;caYvyfjjNpzY1Zk3Sf6m;;0;0;0;0;;0
984054425142;"Череп и кости";001-OTHER-20251108-K6F;"00 ОСТАЛОСЬ";Other;Item-00;"Предмет из инсталляции на стене";"Предмет из инсталляции на стене в лофте сквота";https://static.tildacdn.com/stor6236-6537-4234-a566-303462353134/0362e8578772b4606fa0baf9ce1dc613.png;0;;;;;o5hjUnVBP7yOGJTDx08O;;0;0;0;0;;0
955034104382;"Череп и кости";001-OTHER-20251108-K6F;"00 ОСТАЛОСЬ";Other;"Item 01";"Предмет из инсталляции на стене";"Предмет из инсталляции на стене в лофте сквота";https://static.tildacdn.com/stor3461-3934-4763-b135-333933633166/a5fb3e5a9ebc1b6576bfc2d59de0d922.png;0;;;;;ICCAFfznij1ucoXyPBED;;0;0;0;0;;0
568859093192;"Череп и кости";001-OTHER-20251108-K6F;"00 ОСТАЛОСЬ";Other;"Item 02";"Предмет из инсталляции на стене";"Предмет из инсталляции на стене в лофте сквота";https://static.tildacdn.com/stor3835-6364-4465-b562-343266323734/9966505098e31f988806f4d9941630f6.png;0;;;;;yjXSsfnA69Pjv9lzBlCD;;0;0;0;0;;0
672161942842;"Череп и кости";001-OTHER-20251108-K6F;"00 ОСТАЛОСЬ";Other;"Item 03";"Предмет из инсталляции на стене";"Предмет из инсталляции на стене в лофте сквота";https://static.tildacdn.com/stor3235-6236-4165-b439-646530346135/45446c3eebc414481ca9abcde013ece5.png;0;;;;;amSYRXXHD6nxtGJF3oza;;0;0;0;0;;0
721049638932;"Череп и кости";001-OTHER-20251108-K6F;"00 ОСТАЛОСЬ";Other;"Item 04";"Предмет из инсталляции на стене";"Предмет из инсталляции на стене в лофте сквота";https://static.tildacdn.com/stor6231-3539-4736-b831-343433393536/2bba595c1d32c6a1cb53d173b40a69f5.png;0;;;;;xVsOGVbvpc1jciMUb8ao;;0;0;0;0;;0
264996561692;"Череп и кости";001-OTHER-20251108-K6F;"00 ОСТАЛОСЬ";Other;"Item 05";"Предмет из инсталляции на стене";"Предмет из инсталляции на стене в лофте сквота";https://static.tildacdn.com/stor3334-6434-4937-b932-376235343365/ee91e534af360479270cc17ae6cdc641.png;0;;;;;0gRye69bmJoS05s8tKnP;;0;0;0;0;;0
995720691122;"Череп и кости";001-OTHER-20251108-K6F;"00 ОСТАЛОСЬ";Other;"Item 06";"Предмет из инсталляции на стене";"Предмет из инсталляции на стене в лофте сквота";https://static.tildacdn.com/stor3232-3062-4031-a137-343232613235/925b367e5e8ce0e1c83377d0a957fc53.png;0;;;;;L0Jvf38jrbYstTs3IiiP;;0;0;0;0;;0
496191080712;"Череп и кости";001-OTHER-20251108-K6F;"00 ОСТАЛОСЬ";Other;"Item 07";"Предмет из инсталляции на стене";"Предмет из инсталляции на стене в лофте сквота";https://static.tildacdn.com/stor3065-6433-4831-b930-386630313936/ce2ee3b83fc1f38d6c2b7f1e8aa12845.png;0;;;;;MNSnfF3I09zsPTbKHhrB;;0;0;0;0;;0
591760420102;"Череп и кости";001-OTHER-20251108-K6F;"00 ОСТАЛОСЬ";Other;"Item 08";"Предмет из инсталляции на стене";"Предмет из инсталляции на стене в лофте сквота";https://static.tildacdn.com/stor3466-3835-4239-b665-396661666537/ab2ef1c3112d768a55ba9b4e582436f5.png;0;;;;;H7ZzaiBFxyz4roL3emYI;;0;0;0;0;;0
821739286902;"Череп и кости";001-OTHER-20251108-K6F;"00 ОСТАЛОСЬ";Other;"Item 09";"Предмет из инсталляции на стене";"Предмет из инсталляции на стене в лофте сквота";https://static.tildacdn.com/stor3234-3630-4334-a634-623337383535/3b09baa6eec3740daad8dccce533a2fd.png;0;;;;;Gg1zksiXhhIJ8fBD1UgB;;0;0;0;0;;0
907082413512;"Череп и кости";001-OTHER-20251108-K6F;"00 ОСТАЛОСЬ";Other;"Item 10";"Предмет из инсталляции на стене";"Предмет из инсталляции на стене в лофте сквота";https://static.tildacdn.com/stor3134-6230-4765-b366-633335336562/87618e01ac0f69b73f49c504c921df7d.png;0;;;;;UYJ9Tb1RuaCo0NSv72av;;0;0;0;0;;0
525159127202;"Череп и кости";001-OTHER-20251108-K6F;"00 ОСТАЛОСЬ";Other;"Item 11";"Предмет из инсталляции на стене";"Предмет из инсталляции на стене в лофте сквота";https://static.tildacdn.com/stor3035-3139-4662-b264-326265396166/f898401fda6a1f0cc55c041aaf3d984d.png;0;;;;;caFPjB1gDdEc02IS4hZm;;0;0;0;0;;0
890963367132;"Череп и кости";001-OTHER-20251108-K6F;"00 ОСТАЛОСЬ";Other;"Item 12";"Предмет из инсталляции на стене";"Предмет из инсталляции на стене в лофте сквота";https://static.tildacdn.com/stor6561-3762-4337-b163-393830326261/18251a2efee947c139582ec1fcd486d4.png;0;;;;;KglddErOb2hlo7LFHjy2;;0;0;0;0;;0
170232628672;"Череп и кости";001-OTHER-20251108-K6F;"00 ОСТАЛОСЬ";Other;"Item 13";"Предмет из инсталляции на стене";"Предмет из инсталляции на стене в лофте сквота";https://static.tildacdn.com/stor3631-6664-4532-a134-646362643132/34eca9e1c18376b88016d5213bbd3709.png;0;;;;;PFjJc0TXBZ16IsPDm3pF;;0;0;0;0;;0
936791423722;"Череп и кости";001-OTHER-20251108-K6F;"00 ОСТАЛОСЬ";Other;"Item 14";"Предмет из инсталляции на стене";"Предмет из инсталляции на стене в лофте сквота";https://static.tildacdn.com/stor3464-3336-4234-b366-363861316362/9fc33e86b6384cde3c863dcc850747f3.png;0;;;;;B42MhlrOeJDrjgAuJ6mK;;0;0;0;0;;0
661023584282;"Череп и кости";001-OTHER-20251108-K6F;"00 ОСТАЛОСЬ";Other;"Item 15";"Предмет из инсталляции на стене";"Предмет из инсталляции на стене в лофте сквота";https://static.tildacdn.com/stor3163-3433-4338-b332-376361353235/9e7b52b78188aa689f5156d8ccc17f10.png;0;;;;;HzffcvDvDLaB6vUHncCp;;0;0;0;0;;0
311909392342;"Череп и кости";001-OTHER-20251108-K6F;"00 ОСТАЛОСЬ";Other;"Item 16";"Предмет из инсталляции на стене";"Предмет из инсталляции на стене в лофте сквота";https://static.tildacdn.com/stor3766-3338-4834-a239-333539363530/df4c64c8d6d29836c67f0c34ee1839bc.png;0;;;;;3GSjoK5y0RdYP4avLIi0;;0;0;0;0;;0
984607827802;"Череп и кости";001-OTHER-20251108-K6F;"00 ОСТАЛОСЬ";Other;"Item 17";"Предмет из инсталляции на стене";"Предмет из инсталляции на стене в лофте сквота";https://static.tildacdn.com/stor6534-3635-4133-a332-333837386230/66d59b02095b2038288b0fc69419389a.png;0;;;;;alJfdk28GDKDPa1BoAdd;;0;0;0;0;;0
720549265522;"Череп и кости";001-OTHER-20251108-K6F;"00 ОСТАЛОСЬ";Other;"Item 18";"Предмет из инсталляции на стене";"Предмет из инсталляции на стене в лофте сквота";https://static.tildacdn.com/stor6339-3730-4236-a537-343933346337/4e5d7a05f4b6d422a691d6e0ff8aa63a.png;0;;;;;6Fzb0kscYsAMUhEfKoG8;;0;0;0;0;;0
396959542492;"Череп и кости";001-OTHER-20251108-K6F;"00 ОСТАЛОСЬ";Other;"Item 19";"Предмет из инсталляции на стене";"Предмет из инсталляции на стене в лофте сквота";https://static.tildacdn.com/stor3835-6535-4430-b432-626662383837/65c57c6e4dae494cee226d1cb9ac0889.png;0;;;;;31jeEc3dkUrY0e779g1L;;0;0;0;0;;0
854402028652;"Череп и кости";001-OTHER-20251108-K6F;"00 ОСТАЛОСЬ";Other;"Item 20";"Предмет из инсталляции на стене";"Предмет из инсталляции на стене в лофте сквота";https://static.tildacdn.com/stor6332-6563-4137-b535-313634653033/4ce8b3dab107080092f9f2d2cfd31ad8.png;0;;;;;vuRNc1fh7zgAB2tS7Evv;;0;0;0;0;;0
549836308932;"Череп и кости";001-OTHER-20251108-K6F;"00 ОСТАЛОСЬ";Other;"Item 21";"Предмет из инсталляции на стене";"Предмет из инсталляции на стене в лофте сквота";https://static.tildacdn.com/stor3032-6432-4366-b338-656139356433/42a45021f4b43de65d81d4a4259d7bfb.png;0;;;;;kyX0rpUN6lVzmh5AkE8G;;0;0;0;0;;0
816785415912;"Череп и кости";001-OTHER-20251108-K6F;"00 ОСТАЛОСЬ";Other;"Item 22";"Предмет из инсталляции на стене";"Предмет из инсталляции на стене в лофте сквота";https://static.tildacdn.com/stor3534-6230-4533-b036-653564323936/f3040f4162c97f210d02f5b621ac19d7.png;0;;;;;jDN41EegGvGXpi7365Vt;;0;0;0;0;;0
653517344182;"Череп и кости";001-OTHER-20251108-K6F;"00 ОСТАЛОСЬ";Other;"Item 23";"Предмет из инсталляции на стене";"Предмет из инсталляции на стене в лофте сквота";https://static.tildacdn.com/stor6161-6565-4266-b631-613630366635/b7107eacda41eb399c5a6617895c4474.png;0;;;;;9orrHNGfUlXEbydnZJZ9;;0;0;0;0;;0
603950320972;"Череп и кости";001-OTHER-20251108-K6F;"00 ОСТАЛОСЬ";Other;"Item 24";"Предмет из инсталляции на стене";"Предмет из инсталляции на стене в лофте сквота";https://static.tildacdn.com/stor3463-3663-4561-a161-353765363033/6b83d4af6259f06ffb0e20d155354193.png;0;;;;;0kUbEcFDlV0mI1Y2zece;;0;0;0;0;;0
845439008172;"Череп и кости";001-OTHER-20251108-K6F;"00 ОСТАЛОСЬ";Other;"Item 25";"Предмет из инсталляции на стене";"Предмет из инсталляции на стене в лофте сквота";https://static.tildacdn.com/stor3264-3233-4566-b731-363464393439/5c9e94e4db1d38a0a3560b12a0d51231.png;0;;;;;15aU6KPZMTtc4oEYZJJ3;;0;0;0;0;;0
487944735592;"Череп и кости";001-OTHER-20251108-K6F;"00 ОСТАЛОСЬ";Other;"Item 26";"Предмет из инсталляции на стене";"Предмет из инсталляции на стене в лофте сквота";https://static.tildacdn.com/stor3765-3939-4635-b430-626231643339/2f8317a4704e5b72d2a954e2491dc40c.png;0;;;;;UJdYV6UTZe9BpbsabkRU;;0;0;0;0;;0
364078111492;"Череп и кости";001-OTHER-20251108-K6F;"00 ОСТАЛОСЬ";Other;"Item 27";"Предмет из инсталляции на стене";"Предмет из инсталляции на стене в лофте сквота";https://static.tildacdn.com/stor3635-3931-4639-b964-343562636436/13b6f89bcc0d9dd0e0814bb7c6fc242b.png;0;;;;;3xReLy68Z2xzmL3L6c0V;;0;0;0;0;;0
657478672452;"Череп и кости";001-OTHER-20251108-K6F;"00 ОСТАЛОСЬ";Other;"Item 28";"Предмет из инсталляции на стене";"Предмет из инсталляции на стене в лофте сквота";https://static.tildacdn.com/stor6365-3335-4834-b237-336161616633/f9531accd7f5d7d026e53b1e16da918d.png;0;;;;;0JVhRxnFEaIBEjAVfE5Y;;0;0;0;0;;0
815716564152;"Череп и кости";001-OTHER-20251108-K6F;"00 ОСТАЛОСЬ";Other;"Item 29";"Предмет из инсталляции на стене";"Предмет из инсталляции на стене в лофте сквота";https://static.tildacdn.com/stor3334-3838-4466-a136-383064623038/c972ccd84d980250701ab4fa777800fb.png;0;;;;;XdH1nI9fygRntBclXST0;;0;0;0;0;;0
819391187462;"Череп и кости";001-OTHER-20251108-K6F;"00 ОСТАЛОСЬ";Other;"Item 30";"Предмет из инсталляции на стене";"Предмет из инсталляции на стене в лофте сквота";https://static.tildacdn.com/stor3161-3861-4433-b461-386331336232/8b782ef7b53b366c20e6e00115c483db.png;0;;;;;Bp1NhfR6yoH6LOZU6Eor;;0;0;0;0;;0
366502697552;"Череп и кости";001-OTHER-20251108-K6F;"00 ОСТАЛОСЬ";Other;"Item 31";"Предмет из инсталляции на стене";"Предмет из инсталляции на стене в лофте сквота";https://static.tildacdn.com/stor3037-6562-4635-b530-643062653036/8aa5f759a0bba630e1532812a488199f.png;0;;;;;EvZyU8mrhxPXYXHmXogt;;0;0;0;0;;0
859952417762;"Череп и кости";001-OTHER-20251108-K6F;"00 ОСТАЛОСЬ";Other;"Item 32";"Предмет из инсталляции на стене";"Предмет из инсталляции на стене в лофте сквота";https://static.tildacdn.com/stor3733-3335-4330-a331-616263643734/d2cf0ef140d25cafb311557abbfd9d1e.png;0;;;;;HtlKNIkCjbouMBr0DKLz;;0;0;0;0;;0
515540982392;"Череп и кости";001-OTHER-20251108-K6F;"00 ОСТАЛОСЬ";Other;"Item 33";"Предмет из инсталляции на стене";"Предмет из инсталляции на стене в лофте сквота";https://static.tildacdn.com/stor3833-3131-4435-b937-323965626334/cddff854b3419237f9343e8a3af186d4.png;0;;;;;mlYv6ocjsZGAs0t619Af;;0;0;0;0;;0
375847827502;"Череп и кости";001-OTHER-20251108-K6F;"00 ОСТАЛОСЬ";Other;"Item 34";"Предмет из инсталляции на стене";"Предмет из инсталляции на стене в лофте сквота";https://static.tildacdn.com/stor6430-3430-4738-b866-323761353534/96b3b75d01fd61b0bd5459b495db8ddf.png;0;;;;;mkH1mNAecgyru9mz9KGG;;0;0;0;0;;0
405716134302;"Череп и кости";001-OTHER-20251108-K6F;"00 ОСТАЛОСЬ";Other;"Item 35";"Предмет из инсталляции на стене";"Предмет из инсталляции на стене в лофте сквота";https://static.tildacdn.com/stor3462-3030-4138-a136-303134323935/f8ba4b5bd728c3cea5c837ec5daf4890.png;0;;;;;acR0Y8Rl0ufce6HR75dz;;0;0;0;0;;0
682388303462;"Череп и кости";001-OTHER-20251108-K6F;"00 ОСТАЛОСЬ";Other;"Item 36";"Предмет из инсталляции на стене";"Предмет из инсталляции на стене в лофте сквота";https://static.tildacdn.com/stor3331-3631-4464-b631-376566303962/f565c19e6dfcc99dd6199ce4623ca07b.png;0;;;;;T7UlnejcNgaoi9tnPIk8;;0;0;0;0;;0
863571736162;"Череп и кости";001-OTHER-20251108-K6F;"00 ОСТАЛОСЬ";Other;"Item 37";"Предмет из инсталляции на стене";"Предмет из инсталляции на стене в лофте сквота";https://static.tildacdn.com/stor3238-3537-4663-b762-653362393431/c618f0d67e4b8ef0c7474f1e8a8a33c3.png;0;;;;;NXDsFM450o5ctO83LemY;;0;0;0;0;;0
354676493882;"Череп и кости";001-OTHER-20251108-K6F;"00 ОСТАЛОСЬ";Other;"Item 38";"Предмет из инсталляции на стене";"Предмет из инсталляции на стене в лофте сквота";https://static.tildacdn.com/stor3639-6337-4862-b234-663639326264/d5f10e55f9dfed4d616e1384ba7a9dc6.png;0;;;;;IvfkOA14S0XlBjRlOVcP;;0;0;0;0;;0
984608044902;"Череп и кости";001-OTHER-20251108-K6F;"00 ОСТАЛОСЬ";Other;"Item 39";"Предмет из инсталляции на стене";"Предмет из инсталляции на стене в лофте сквота";https://static.tildacdn.com/stor6665-3662-4665-b833-396333393332/7791be554477fcfaf2e2282b0f1568f5.png;0;;;;;VSkbIziSmKhZc3nKoAUv;;0;0;0;0;;0
287029329862;"Череп и кости";001-OTHER-20251108-K6F;"00 ОСТАЛОСЬ";Other;"Item 40";"Предмет из инсталляции на стене";"Предмет из инсталляции на стене в лофте сквота";https://static.tildacdn.com/stor3162-3966-4736-b232-643738376634/bb5aa617c9649e607bccbb64dfdeb64e.png;0;;;;;6N3oxu0TtdVSlPNHdNLi;;0;0;0;0;;0
919509519602;"Череп и кости";001-OTHER-20251108-K6F;"00 ОСТАЛОСЬ";Other;"Item 41";"Предмет из инсталляции на стене";"Предмет из инсталляции на стене в лофте сквота";https://static.tildacdn.com/stor3432-3536-4838-b739-623832633264/937f32b7cd00550d918387845784f0f0.png;0;;;;;0umXTFzzF4ARi2nVI667;;0;0;0;0;;0
468909653772;"Череп и кости";001-OTHER-20251108-K6F;"00 ОСТАЛОСЬ";Other;"Item 42";"Предмет из инсталляции на стене";"Предмет из инсталляции на стене в лофте сквота";https://static.tildacdn.com/stor6137-3435-4330-b732-393566343630/665cbdb4596cdc2095636e9f24d9ce72.jpg;0;;;;;okMcaJOBPLpfrlTbXnBk;;0;0;0;0;;0
301045275512;"Череп и кости";001-OTHER-20251108-K6F;"00 ОСТАЛОСЬ";Other;"Item 43";"Предмет из инсталляции на стене";"Предмет из инсталляции на стене в лофте сквота";https://static.tildacdn.com/stor3530-6531-4633-b133-306236333865/62475978.jpg;0;;;;;7ouvuNnNAyGx5oCBYx2p;;0;0;0;0;;0
735556132352;"Череп и кости";001-OTHER-20251108-K6F;"00 ОСТАЛОСЬ";Other;"Item 44";"Предмет из инсталляции на стене";"Предмет из инсталляции на стене в лофте сквота";https://static.tildacdn.com/stor6432-3665-4434-b037-366134313630/90869003.jpg;0;;;;;mB8HuhTMyl7MYy4yAOFH;;0;0;0;0;;0
495489062742;"Череп и кости";001-OTHER-20251108-K6F;"00 ОСТАЛОСЬ";Other;"Item 45";"Предмет из инсталляции на стене";"Предмет из инсталляции на стене в лофте сквота";https://static.tildacdn.com/stor3462-6332-4631-a266-363032343533/90611391.jpg;0;;;;;2gI41HLdjLLnoDxYPXDB;;0;0;0;0;;0
815507302032;"Череп и кости";001-OTHER-20251108-K6F;"00 ОСТАЛОСЬ";Other;"Item 46";"Предмет из инсталляции на стене";"Предмет из инсталляции на стене в лофте сквота";https://static.tildacdn.com/stor3264-3637-4566-b538-663737336461/70919628.jpg;0;;;;;uJ5x79KZLsbhGssvYUNl;;0;0;0;0;;0
279596471412;"Череп и кости";001-OTHER-20251108-K6F;"00 ОСТАЛОСЬ";Other;"Item 47";"Предмет из инсталляции на стене";"Предмет из инсталляции на стене в лофте сквота";https://static.tildacdn.com/stor3831-6635-4737-a335-316563396637/88815303.jpg;0;;;;;60DMe4Ud4SI4Ak7FLjIg;;0;0;0;0;;0
887932327952;"Череп и кости";001-OTHER-20251108-K6F;"00 ОСТАЛОСЬ";Other;"Item 48";"Предмет из инсталляции на стене";"Предмет из инсталляции на стене в лофте сквота";https://static.tildacdn.com/stor3661-3364-4831-a238-626632633836/6332cf45b687002078a88d92d21127d7.jpg;0;;;;;zcr0kjT0cyNoTBibZvLb;;0;0;0;0;;0
616792145672;"Череп и кости";001-OTHER-20251108-K6F;"00 ОСТАЛОСЬ";Other;"Item 49";"Предмет из инсталляции на стене";"Предмет из инсталляции на стене в лофте сквота";https://static.tildacdn.com/stor6564-3264-4364-b462-363537323439/d3a87392ba89fd245f5bce53e2dbe696.jpg;0;;;;;dj4yabG1XIbLHPR88UUk;;0;0;0;0;;0
394972824252;"Череп и кости";001-OTHER-20251108-K6F;"00 ОСТАЛОСЬ";Other;"Item 50";"Предмет из инсталляции на стене";"Предмет из инсталляции на стене в лофте сквота";https://static.tildacdn.com/stor6664-3361-4563-b630-353166326166/43884470c8ff353dd6ce89ec81762929.jpg;0;;;;;Mp19ix2giFmrYfCnHhdG;;0;0;0;0;;0
809148734302;"Череп и кости";001-OTHER-20251108-K6F;"00 ОСТАЛОСЬ";Other;"Item 51";"Предмет из инсталляции на стене";"Предмет из инсталляции на стене в лофте сквота";https://static.tildacdn.com/stor6661-6231-4537-b161-633238363336/136e36fb402c5e94bbf074ec25c95034.jpg;0;;;;;tDo1L5bu75im1EOtkSco;;0;0;0;0;;0
698549621992;"Череп и кости";001-OTHER-20251108-K6F;"00 ОСТАЛОСЬ";Other;"Item 52";"Предмет из инсталляции на стене";"Предмет из инсталляции на стене в лофте сквота";https://static.tildacdn.com/stor3930-6133-4738-b837-336466353664/f7430ada3329c001979a898a7e54e803.jpg;0;;;;;txSNB8dIO5smRjlFTLa6;;0;0;0;0;;0
527862912542;"Череп и кости";001-OTHER-20251108-K6F;"00 ОСТАЛОСЬ";Other;"Item 53";"Предмет из инсталляции на стене";"Предмет из инсталляции на стене в лофте сквота";https://static.tildacdn.com/stor3262-3831-4364-b862-393865376163/51385116.jpg;0;;;;;u964UAl6E2ETtmlc0eKF;;0;0;0;0;;0
373081755182;"Череп и кости";001-OTHER-20251108-K6F;"00 ОСТАЛОСЬ";Other;"Item 54";"Предмет из инсталляции на стене";"Предмет из инсталляции на стене в лофте сквота";https://static.tildacdn.com/stor3930-6338-4632-b862-343038333535/84672334.jpg;0;;;;;eJPvTe101nbVGbd8dYzb;;0;0;0;0;;0
567319335092;"Череп и кости";001-OTHER-20251108-K6F;"00 ОСТАЛОСЬ";Other;"Item 55";"Предмет из инсталляции на стене";"Предмет из инсталляции на стене в лофте сквота";https://static.tildacdn.com/stor3530-6439-4437-b066-656537343733/68542944.jpg;0;;;;;8SrRz1TI7hxHtzrE6dDZ;;0;0;0;0;;0
932482378272;"Череп и кости";001-OTHER-20251108-K6F;"00 ОСТАЛОСЬ";Other;"Item 56";"Предмет из инсталляции на стене";"Предмет из инсталляции на стене в лофте сквота";https://static.tildacdn.com/stor3962-6162-4630-b761-326139396239/51066452.jpg;0;;;;;mUtIHazGROt12yXZOzma;;0;0;0;0;;0
146127226192;"Череп и кости";001-OTHER-20251108-K6F;"00 ОСТАЛОСЬ";Other;"Item 57";"Предмет из инсталляции на стене";"Предмет из инсталляции на стене в лофте сквота";https://static.tildacdn.com/stor3763-6231-4166-b962-373631333832/122c4f0c5b7e919d09efe971e8217502.jpg;0;;;;;lDIG1dF1F0zy5AU3PbjR;;0;0;0;0;;0
849727412352;"Череп и кости";001-OTHER-20251108-K6F;"00 ОСТАЛОСЬ";Other;"Item 58";"Предмет из инсталляции на стене";"Предмет из инсталляции на стене в лофте сквота";https://static.tildacdn.com/stor3538-6536-4439-b761-323633653437/66013875.jpg;0;;;;;Rmja1cdCNcRHsIuTKzdC;;0;0;0;0;;0
289508581482;"Череп и кости";001-OTHER-20251108-K6F;"00 ОСТАЛОСЬ";Other;"Item 59";"Предмет из инсталляции на стене";"Предмет из инсталляции на стене в лофте сквота";https://static.tildacdn.com/stor3462-3233-4236-b062-653061353666/b68808ea71efac3f1ea3aa17e9ae7da7.jpg;0;;;;;FDItRlAxvBfEyApLyX39;;0;0;0;0;;0
308109694712;"Череп и кости";001-OTHER-20251108-K6F;"00 ОСТАЛОСЬ";Other;"Item 60";"Предмет из инсталляции на стене";"Предмет из инсталляции на стене в лофте сквота";https://static.tildacdn.com/stor6262-3032-4931-b665-396263356663/37794895.jpg;0;;;;;56LtKg4ZfokpfPfI2KoD;;0;0;0;0;;0
